연번,시설명,군구,소재지,지정년도,lat,lng
1,뉴코아타운(1층),중구,홍예문로 90,2006,37.4763826280217,126.629604378432
2,답동신협,중구,제물량로 122,2006,37.4692464601028,126.630286761031
3,성미가엘복지관,중구,송학로 40,2006,37.4744492729173,126.62726167829
4,신한은행,중구,신포로 28,2006,37.471358157245,126.625426468167
5,옹진수협연안공판장,중구,북성동1가 104-14,2006,37.458922003117,126.59773528005
6,나성빌딩(1층),중구,인중로 176,2006,37.4686931673196,126.624746367486
7,태림봉,중구,차이나타운로59번길 23,2015,37.473969681495,126.619492342015
8,경신빌딩,중구,신포로 8,2006,37.4698110910758,126.623967222566
9,새동인천지하상가,중구,참외전로 117-15,2006,37.4760887599265,126.631432312465
10,연경,중구,차이나타운로 41,2017,37.4756312965383,126.619850659295
11,영진공사,중구,제물량로80번길 1,2006,37.4672743803071,126.634005079358
12,인현지하상가,중구,참외전로 117-15,2006,37.4760887599265,126.631432312465
13,(주)인천종합어시장,중구,연안부두로33번길 37,2006,37.4536792976154,126.606887619823
14,동인천지하상가,중구,참외전로 117-15,2006,37.4760887599265,126.631432312465
15,북측광장화장실,중구,도원동 7-1,2013,37.4673940978845,126.642621526941
16,신포지하상가,중구,우현로 67,2006,37.4731036006255,126.629202281006
17,중앙로지하상가,중구,참외전로 117-15,2006,37.4760887599265,126.631432312465
18,해양센터,중구,연안부두로 24-1,2006,37.4561479304308,126.602780672066
19,을왕주유소,중구,용유서로 460,2020,37.4590885346437,126.371990893197
20,오성주유소,중구,남북로 174,2020,37.4515654096839,126.419506651664
21,현대오일뱅크㈜직영신공항주유소,중구,신도시남로141번길 6,2020,37.4942417295582,126.489519017256
22,현대오일뱅크㈜직영영종셀프주유소,중구,자연대로 55,2020,37.4893214870176,126.558200850696
23,스카이파크 주유소,중구,영종대로 312,2021,37.4829454239085,126.505741812608
24,SK엔크린 영종셀프주유소,중구,운중로 218,2024,37.4994950391291,126.55500849375
25,인천중부신협동조합,동구,인천 동구 송림로 78(송림동),2005,37.4752133846994,126.643545236415
26,송림메디칼,동구,인천 동구 송림로 96(송림동),2005,37.4757748645249,126.645332869664
27,하나로쇼핑,미추홀구,토금중로 13(용현동),2008,37.4538678552607,126.635671563633
28,경향프라자,미추홀구,주안로 108(주안동),2008,37.4636607705384,126.681732679136
29,르네상스빌딩,미추홀구,경원대로 869(주안동),2009,37.4603920721703,126.689137871359
30,학익프라자,미추홀구,매소홀로 355(학익동),2010,37.4414509031689,126.661976343924
31,간석빌딩,미추홀구,주안로 219(주안동),2010,37.463875451099,126.694314910429
32,메인프라자,미추홀구,미추홀대로 716(주안동),2010,37.4612911947613,126.680591955752
33,리가스퀘어빌딩,미추홀구,주안로 116(주안동),2011,37.463477279369,126.682519496276
34,백운프라자,미추홀구,아암대로 29번길 48(용현동),2013,37.4571125851767,126.639054580774
35,롯데하이텔,미추홀구,미추홀대로 697번길 22,2013,37.459939904922,126.678580591481
36,호텔서해컨벤션웨딩홀,미추홀구,아암대로 87(용현동),2013,37.4538187902141,126.633615186715
37,현대유비스병원,미추홀구,독배로 503(숭의동),2013,37.4616110690988,126.643007135169
38,푸른교회,미추홀구,토금남로 28(용현동),2014,37.4516755623899,126.63533433296
39,주안역지하상가,미추홀구,주안로 지하86 (주안동),2016,37.4644045461847,126.680161836654
40,등대교회,미추홀구,승학길 26번길 39(문학동),2016,37.4406495772479,126.68151930116
41,선정빌딩,미추홀구,학익소로 66(학익동),2017,37.4418492521442,126.670338361194
42,모아빌딩,미추홀구,주염로 16(주안동),2017,37.4669302617414,126.681968523146
43,주안제이타워,미추홀구,염전로 330(주안동),2018,37.4704289081732,126.676735336544
44,주안시민지하상가,미추홀구,경인로343(주안동),2021,37.4588374614739,126.67819457523
45,인하대역CGV타워,미추홀구,매소홀로 255(학익동),2021,37.445620228619,126.65182310263
46,명인빌딩,미추홀구,소성로 185번길 28(학익동),2024,37.4421585426607,126.669780130344
47,롯데슈퍼,연수구,앵고개로 266(동춘동),2005,37.4069721358084,126.672819572061
48,아크리아Ⅱ,연수구,해돋이로120번길 23(송도동),2015,37.3942282322686,126.650797270513
49,탑피온빌딩,연수구,청능대로 109(연수동),2018,37.4129866938092,126.676719388447
50,대동월드,연수구,용담로 153(연수동),2022,37.4132780914235,126.681402757017
51,두손이리움1,연수구,청능대로 93(청학동),2023,37.4143192956494,126.675666633078
52,센트럴파크2,연수구,센트럴로 194(송도동),2023,37.3937862653635,126.641874180513
53,세계로기업(건설회관),남동구,문화로 147(구월동),2008,37.4522869173003,126.699505156582
54,칼리오페,남동구,논고개로123번길 35(논현동),2010,37.4015165296659,126.722065821029
55,탑프라자,남동구,경인로 520(간석동),2010,37.4607539768125,126.697036044356
56,퍼스트하임프라자,남동구,호구포로 818(구월동),2011,37.4553646686987,126.71966783489
57,만수주공쇼핑센터,남동구,백범로124번길 7(만수동),2011,37.455554242597,126.733373909902
58,벽산아파트 상가,남동구,호구포로924(만수동),2012,37.464590288311,126.724728712924
59,소래포구종합어시장,남동구,소래역로12(논현동),2013,37.3987370170571,126.737174739921
60,노빌리안 명품,남동구,미래로 13(구월동),2014,37.451247860298,126.703999091151
61,장승백이 전통시장,남동구,장승로 21(만수동),2014,37.4459755258528,126.735307908438
62,소래광장프라자,남동구,소래역로 30번길 22(논현동),2014,37.4000809696941,126.736847379776
63,뉴인천빌딩,남동구,용천로 3(구월동),2015,37.4499259699677,126.713907135182
64,청진네오스빌,남동구,예술로 230(구월동),2015,37.4545509442983,126.702090942329
65,경복빌딩,남동구,경인로 607(간석동),2018,37.4653226316753,126.705122020935
66,라피에스타,남동구,논고개로 61(논현동),2018,37.3975373516636,126.727520375664
67,동호프라자,남동구,용천로 70(구월동),2019,37.455871118203,126.714955946272
68,한빛빌딩,남동구,미래로 41(구월동),2019,37.4539178587309,126.704084975283
69,라움타워,남동구,논고개로 73(논현동),2019,37.3982608936325,126.726554861881
70,근로자복지타운,남동구,앵고개로 448(고잔동),2019,37.397985651839,126.689627107759
71,장승백이상가 1동,남동구,인주대로888번길 27(만수동),2020,37.4469223640487,126.735735138313
72,센타프라자,남동구,서창남순환로 222(서창동),2021,37.4241512344187,126.749475239779
73,투엠프라자,남동구,서창남로 81(서창동),2021,37.4262866736327,126.748049342217
74,메인프라자,남동구,성말로13번길 15(구월동),2022,37.4462629527569,126.701786704974
75,구월지웰시티 푸르지오,남동구,남동대로799번길 34(구월동),2022,37.4543946528772,126.707187770716
76,아이플렉스,남동구,논고개로123번길 17(논현동),2023,37.4016848854965,126.723083704409
77,에코메트로3차 더타워,남동구,소래역남로 40(논현동),2023,37.4001848572004,126.73227185208
78,신비플라자,남동구,장승로 9(만수동),2023,37.4466293262362,126.734235523613
79,성우네오빌,남동구,백범로 457(간석동),2024,37.467903046107,126.700187599972
80,장승백이상가 5동,남동구,장승로 25(만수동),2024,37.4456697258957,126.735833001435
81,전방프라자,부평구,인천광역시 부평구 안남로 261,2008,37.5062512651935,126.708580379553
82,산곡메디칼센타,부평구,인천광역시 부평구 원적로 290,2008,37.5044556703264,126.69835602128
83,동아웰빙타운,부평구,인천광역시 부평구 부흥로 264,2008,37.4983288516016,126.721051728371
84,세광훼밀리 프라자,부평구,인천광역시 부평구 굴포로 42,2008,37.511582208528,126.725732649631
85,대우프라자,부평구,인천광역시 부평구 세월천로 34,2009,37.513261812583,126.70561477128
86,부평가정교회,부평구,인천광역시 부평구 길주로 475,2009,37.5080819648216,126.715024003439
87,신한은행 부평점,부평구,인천광역시 부평구 부흥로 337,2009,37.4986033592123,126.72956424906
88,금강프라자,부평구,인천광역시 부평구 주부토로 223,2009,37.5151752865932,126.725838155551
89,신선설농탕 부평점,부평구,인천광역시 부평구 장제로 206(부평동),2009,37.5037686303343,126.731301192377
90,양평신내 서울해장국,부평구,인천광역시 부평구 마장로 191,2009,37.495143291771,126.702631336675
91,미라쥬타워,부평구,인천광역시 부평구 길주로 659,2013,37.5071376647226,126.735897832003
92,KB증권 부평점,부평구,인천광역시 부평구 부평대로 70,2013,37.4978186238199,126.722701854502
93,하이존빌딩,부평구,인천광역시 부평구 체육관로 32,2014,37.5082883689579,126.735148437087
94,한국마사회 부평지사,부평구,인천광역시 부평구 장제로 54,2014,37.4902109882814,126.729973081916
95,남광센트렉스,부평구,인천광역시 부평구 부평대로 301,2015,37.5187406000291,126.720860156048
96,경인교회,부평구,인천광역시 부평구 마장로 14,2015,37.4802523771271,126.710464099919
97,산곡3동성당,부평구,인천광역시 부평구 화랑북로 17,2015,37.4960763260622,126.704804830064
98,인천나누리병원,부평구,인천광역시 부평구 장제로 156(부평동),2017,37.4995157561752,126.731002724681
99,애니카랜드 청천점,부평구,인천광역시 부평구 평천로 144,2018,37.5192454248003,126.707200599092
100,부평테크노타워,부평구,인천광역시 부평구 새벌로 29,2020,37.5194919885386,126.715366915848
101,현대3차아파트 상가,부평구,인천광역시 부평구 마장로 121,2021,37.4899042021129,126.704778463553
102,산곡동천주교회,부평구,인천광역시 부평구 마장로 379(산곡동),2023,37.5122019826062,126.703281225329
103,SK에너지㈜ 삼산주유소,부평구,인천광역시 부평구 장제로 347(삼산동),2024,37.5164879483002,126.731839941907
104,파리상뜨,부평구,인천광역시 부평구 부평대로 152,2024,37.5051525768911,126.72173025714
105,맘모스타운,계양구,도두리로 14(작전동),2009,37.5337192316197,126.735566643338
106,자이빌딩,계양구,경명대로 1139(계산동),2009,37.5433177419016,126.733802722831
107,이마트계양점,계양구,봉오대로 785(작전동),2009,37.5310380372084,126.736896747731
108,계산프라자,계양구,용종로 2(계산동),2010,37.5340079939903,126.741463532554
109,홈플러스계산점,계양구,오조산공원로 14(계산동),2010,37.53947222987,126.736186863821
110,영프라자,계양구,장제로 728(작전동),2011,37.5327981077727,126.734267441554
111,홈플러스작전점,계양구,계양대로 27(작전동),2011,37.5261776724309,126.721258150569
112,롯데마트계양점,계양구,장제로 822(계산동),2012,37.5408492649713,126.736003459808
113,에이스타운,계양구,계양대로 214(계산동),2013,37.5430485388663,126.723035805222
114,라이즈빌,계양구,계양문화로 44(계산동),2013,37.5345605849968,126.736736610332
115,세종팰리스,계양구,장제로 714(작전동),2015,37.5313571563654,126.734234426823
116,한림병원,계양구,장제로 722(작전동),2015,37.5322470280813,126.734334677371
117,노블빌딩,계양구,안남로 512(효성동),2016,37.5287439087359,126.711434005487
118,삼환1빌딩,계양구,경명대로 1074(계산동),2016,37.543096864921,126.72621797931
119,더드림병원,계양구,계양대로 123(작전동),2016,37.5350000691274,126.722251515838
120,KT&G북인천지사,계양구,경명대로 1011(계산동),2017,37.5440795166316,126.719244778921
121,장원빌딩,계양구,장제로 916(병방동),2017,37.5481442556141,126.741450701599
122,태주빌딩,계양구,아나지로417번길 20(작전동),2018,37.5274049086492,126.738872665107
123,호진A,계양구,계양대로 58(작전동),2018,37.5290966699112,126.723071222019
124,호진B,계양구,계양대로 58-1(작전동),2018,37.5290819626891,126.723600739623
125,호진E,계양구,계양대로 56(작전동),2018,37.5287125060893,126.723657650991
126,유연프라자,계양구,오조산로45번길 12(계산동),2019,37.535259484806,126.737260492545
127,해룡빌딩,계양구,장제로 1013(박촌동),2020,37.5560487998765,126.745314428263
128,삼성프라자,계양구,계양대로 101(작전동),2020,37.5328025299336,126.722134647121
129,새롬2차프라자,계양구,오조산로 91(용종동),2022,37.5390429509577,126.738598207712
130,효성프라자,계양구,안남로 548(효성동),2023,37.5319232757046,126.711071030591
131,이프라자,계양구,도두리로 21(계산동),2023,37.5341822052637,126.736713954549
132,영프라자,서구,원당대로 660(당하동),2009,37.5932888053233,126.67429761223
133,한종프라자,서구,원당대로 663(마전동),2009,37.5939436315078,126.674881522154
134,당하메디칼센터,서구,청마로 163(당하동),2011,37.591989501147,126.676595240024
135,현우프라자,서구,승학로 574(검암동),2012,37.5666608698106,126.683244433679
136,창신프라자,서구,원당대로 852(당하동),2012,37.5933546982449,126.696028030958
137,으뜸빌딩,서구,완정로 190(마전동),2014,37.6030607566118,126.655488852854
138,월드불로마트,서구,검단로 836(불로동),2015,37.6184252957966,126.693074462856
139,동곡프라자,서구,승학로 551(검암동),2015,37.5666816945656,126.68060690761
140,인하메디컬센터,서구,건지로 264(가좌동),2019,37.4988948864269,126.671507894749
141,인천연세병원,서구,승학로 320(연희동),2020,37.550300634424,126.674402721605
142,태평주유소,서구,서곶로 259(심곡동),2020,37.5405620791872,126.676282976505
143,에이스타워,서구, 봉오재3로 94번길19(가정동),2021,37.5268004233396,126.671161118541
144,성한캐슬,서구,길주로 79(석남동),2024,37.5067648282733,126.670878962969
145,계림가든,강화군,강화읍 강화대로 381,2014,37.7442911388676,126.487854806803
146,경인북부수협,강화군,강화읍 강화대로 383,2014,37.7446832539393,126.487796623001
147,강화인삼협동조합,강화군,강화읍 강화대로 335,2014,37.7422081141086,126.492519492992
148,강화군산림조합,강화군,선원면 중앙로 115,2015,37.7335496619252,126.489838725979
149,바이더웨이편의점,강화군,길상면 해안남로 92,2014,37.619332988451,126.534405938402
150,권능교회,강화군,양도면 고려왕릉로199번길 20,2014,37.6646390531806,126.463995986518
151,하나로마트(양도),강화군,양도면 강화남로 700,2014,37.6618772085525,126.421853113498
152,양갑리마을회관,강화군,교동면 교동서로 264,2014,37.7739456663103,126.251495593192
153,교동향교,강화군,교동면 교동남로 229-49,2014,37.7749922833804,126.297000616714
154,강화에너지 주유소,강화군,강화읍 중앙로 67,2014,37.7374442023004,126.488768046572
155,강화버스터미널,강화군,강화읍 중앙로 43,2014,37.7397766771195,126.490406706965
156,중앙시장(B동),강화군,강화읍 강화대로 430,2014,37.7475954588945,126.484189041379
157,중앙시장(A동),강화군,강화읍 강화대로 429,2014,37.7469325933859,126.483914636282
158,양갑주유소,강화군,교동면 교동서로 274,2014,37.773265155471,126.250400008048
159,온수주유소,강화군,길상면 초지로 568,2017,37.6284605551786,126.490536835123
160,서강화농협주유소,강화군,교동면 교동동로 480,2017,37.785578947653,126.283259408776
161,두운주유소,강화군,불은면 강화동로 508,2014,37.6815681267859,126.48237828972
162,강화남부농협주유소,강화군,길상면 길상로 302,2014,37.6378664800775,126.493676091343
163,㈜하은상사,강화군,길상면 해안동로 75,2014,37.6338152756423,126.530958209881
164,세광주유소,강화군,선원면 중앙로 205,2014,37.7264284809557,126.486399321198
165,해명주유소,강화군,삼산면 삼산남로 536,2014,37.6702293537928,126.342232075117
166,백마외포리주유소,강화군,내가면 중앙로 1301,2014,37.7018248275699,126.380435750567
167,서문안주유소,강화군,불은면 중앙로 665,2014,37.70533027097,126.443746798508
168,금광주유소,강화군,길상면 까치골길 1,2014,37.6664545580008,126.491790227267
169,삼산주유소,강화군,삼산면 삼산북로 462,2014,37.7044371649695,126.32215425764
170,고려산주유소,강화군,송해면 강화대로 687,2014,37.7617682123549,126.465737942592
171,(주)유성주유소,강화군,하점면 강화대로 1114,2014,37.7727959540698,126.423005046646
172,하점주유소,강화군,하점면 강화대로 909,2014,37.7689447428456,126.444320682649
173,양도주유소,강화군,양도면 강화남로 725,2014,37.6639103095738,126.420379045851
174,가나안주유소,강화군,화도면 해안남로 2351,2014,37.6133632436248,126.382724237951
175,화도주유소,강화군,화도면 가능포로 37,2014,37.6362402745131,126.418394905328
176,길상주유소,강화군,길상면 길상로 348,2014,37.6419425371932,126.492030342966
177,대동주유소,강화군,불은면 강화동로 176,2014,37.6551122187121,126.493424719608
178,KH에너지㈜ 직영삼성주유소,강화군,불은면 중앙로 638,2014,37.7068502786153,126.445638887746
179,한국주유소,강화군,선원면 중앙로 445,2014,37.7137960226985,126.465231315984
180,선원부광주유소,강화군,선원면 강화동로 899,2014,37.7123950861744,126.482835990645
181,경기주유소,강화군,선원면 중앙로 233,2014,37.725330919961,126.483489702837
182,아름주유소,강화군,선원면 중앙로 150,2014,37.7300812128077,126.489085815982
183,강화주유소,강화군,강화읍 강화대로 390,2014,37.7455484025592,126.48784897958
