연번,시설명,군구,소재지,지정년도
1,뉴코아타운(1층),중　구,홍예문로 90,2006
2,답동신협,중　구,제물량로 122,2006
3,성미가엘복지관,중　구,송학로 40,2006
4,신한은행,중　구,신포로 28,2006
5,옹진수협연안공판장,중　구,북성동1가 104-14,2006
6,나성빌딩(1층),중　구,인중로 176,2006
7,태림봉,중　구,차이나타운로59번길 23,2015
8,경신빌딩,중　구,신포로 8,2006
9,새동인천지하상가,중　구,참외전로 117-15,2006
10,연경,중　구,차이나타운로 41,2017
11,영진공사,중　구,제물량로80번길 1,2006
12,인현지하상가,중　구,참외전로 117-15,2006
13,(주)인천종합어시장,중　구,연안부두로33번길 37,2006
14,동인천지하상가,중　구,참외전로 117-15,2006
15,북측광장화장실,중　구,도원동 7-1,2013
16,신포지하상가,중　구,우현로 67,2006
17,중앙로지하상가,중　구,참외전로 117-15,2006
18,해양센터,중　구,연안부두로 24-1,2006
19,을왕주유소,중　구,용유서로 460,2020
20,오성주유소,중　구,남북로 174,2020
21,현대오일뱅크㈜직영신공항주유소,중　구,신도시남로141번길 6,2020
22,현대오일뱅크㈜직영영종셀프주유소,중　구,자연대로 55,2020
23,스카이파크 주유소,중　구,영종대로 312,2021
24,SK엔크린 영종셀프주유소,중　구,운중로 218,2024
25,인천중부신협동조합,동　구,인천 동구 송림로 78(송림동),2005
26,송림메디칼,동　구,인천 동구 송림로 96(송림동),2005
27,하나로쇼핑,미추홀구,토금중로 13(용현동),2008
28,경향프라자,미추홀구,주안로 108(주안동),2008
29,르네상스빌딩,미추홀구,경원대로 869(주안동),2009
30,학익프라자,미추홀구,매소홀로 355(학익동),2010
31,간석빌딩,미추홀구,주안로 219(주안동),2010
32,메인프라자,미추홀구,미추홀대로 716(주안동),2010
33,리가스퀘어빌딩,미추홀구,주안로 116(주안동),2011
34,백운프라자,미추홀구,아암대로 29번길 48(용현동),2013
35,롯데하이텔,미추홀구,미추홀대로 697번길 22,2013
36,호텔서해컨벤션웨딩홀,미추홀구,아암대로 87(용현동),2013
37,현대유비스병원,미추홀구,독배로 503(숭의동),2013
38,푸른교회,미추홀구,토금남로 28(용현동),2014
39,주안역지하상가,미추홀구,주안로 지하86 (주안동),2016
40,등대교회,미추홀구,승학길 26번길 39(문학동),2016
41,선정빌딩,미추홀구,학익소로 66(학익동),2017
42,모아빌딩,미추홀구,주염로 16(주안동),2017
43,주안제이타워,미추홀구,염전로 330(주안동),2018
44,주안시민지하상가,미추홀구,경인로343(주안동),2021
45,인하대역CGV타워,미추홀구,매소홀로 255(학익동),2021
46,명인빌딩,미추홀구,소성로 185번길 28(학익동),2024
47,롯데슈퍼,연수구,앵고개로 266(동춘동),2005
48,아크리아Ⅱ,연수구,해돋이로120번길 23(송도동),2015
49,탑피온빌딩,연수구,청능대로 109(연수동),2018
50,대동월드,연수구,용담로 153(연수동),2022
51,두손이리움1,연수구,청능대로 93(청학동),2023
52,센트럴파크2,연수구,센트럴로 194(송도동),2023
53,세계로기업(건설회관),남동구,문화로 147(구월동),2008
54,칼리오페,남동구,논고개로123번길 35(논현동),2010
55,탑프라자,남동구,경인로 520(간석동),2010
56,퍼스트하임프라자,남동구,호구포로 818(구월동),2011
57,만수주공쇼핑센터,남동구,백범로124번길 7(만수동),2011
58,벽산아파트 상가,남동구,호구포로924(만수동),2012
59,소래포구종합어시장,남동구,소래역로12(논현동),2013
60,노빌리안 명품,남동구,미래로 13(구월동),2014
61,장승백이 전통시장,남동구,장승로 21(만수동),2014
62,소래광장프라자,남동구,소래역로 30번길 22(논현동),2014
63,뉴인천빌딩,남동구,용천로 3(구월동),2015
64,청진네오스빌,남동구,예술로 230(구월동),2015
65,경복빌딩,남동구,경인로 607(간석동),2018
66,라피에스타,남동구,논고개로 61(논현동),2018
67,동호프라자,남동구,용천로 70(구월동),2019
68,한빛빌딩,남동구,미래로 41(구월동),2019
69,라움타워,남동구,논고개로 73(논현동),2019
70,근로자복지타운,남동구,앵고개로 448(고잔동),2019
71,장승백이상가 1동,남동구,인주대로888번길 27(만수동),2020
72,센타프라자,남동구,서창남순환로 222(서창동),2021
73,투엠프라자,남동구,서창남로 81(서창동),2021
74,메인프라자,남동구,성말로13번길 15(구월동),2022
75,구월지웰시티 푸르지오,남동구,남동대로799번길 34(구월동),2022
76,아이플렉스,남동구,논고개로123번길 17(논현동),2023
77,에코메트로3차 더타워,남동구,소래역남로 40(논현동),2023
78,신비플라자,남동구,장승로 9(만수동),2023
79,성우네오빌,남동구,백범로 457(간석동),2024
80,장승백이상가 5동,남동구,장승로 25(만수동),2024
81,전방프라자,부평구,인천광역시 부평구 안남로 261,2008
82,산곡메디칼센타,부평구,인천광역시 부평구 원적로 290,2008
83,동아웰빙타운,부평구,인천광역시 부평구 부흥로 264,2008
84,세광훼밀리 프라자,부평구,인천광역시 부평구 굴포로 42,2008
85,대우프라자,부평구,인천광역시 부평구 세월천로 34,2009
86,부평가정교회,부평구,인천광역시 부평구 길주로 475,2009
87,신한은행 부평점,부평구,인천광역시 부평구 부흥로 337,2009
88,금강프라자,부평구,인천광역시 부평구 주부토로 223,2009
89,신선설농탕 부평점,부평구,인천광역시 부평구 장제로 206(부평동),2009
90,양평신내 서울해장국,부평구,인천광역시 부평구 마장로 191,2009
91,미라쥬타워,부평구,인천광역시 부평구 길주로 659,2013
92,KB증권 부평점,부평구,인천광역시 부평구 부평대로 70,2013
93,하이존빌딩,부평구,인천광역시 부평구 체육관로 32,2014
94,한국마사회 부평지사,부평구,인천광역시 부평구 장제로 54,2014
95,남광센트렉스,부평구,인천광역시 부평구 부평대로 301,2015
96,경인교회,부평구,인천광역시 부평구 마장로 14,2015
97,산곡3동성당,부평구,인천광역시 부평구 화랑북로 17,2015
98,인천나누리병원,부평구,인천광역시 부평구 장제로 156(부평동),2017
99,애니카랜드 청천점,부평구,인천광역시 부평구 평천로 144,2018
100,부평테크노타워,부평구,인천광역시 부평구 새벌로 29,2020
101,현대3차아파트 상가,부평구,인천광역시 부평구 마장로 121,2021
102,산곡동천주교회,부평구,인천광역시 부평구 마장로 379(산곡동),2023
103,SK에너지㈜ 삼산주유소,부평구,인천광역시 부평구 장제로 347(삼산동),2024
104,파리상뜨,부평구,인천광역시 부평구 부평대로 152,2024
105,맘모스타운,계양구,도두리로 14(작전동),2009
106,자이빌딩,계양구,경명대로 1139(계산동),2009
107,이마트계양점,계양구,봉오대로 785(작전동),2009
108,계산프라자,계양구,용종로 2(계산동),2010
109,홈플러스계산점,계양구,오조산공원로 14(계산동),2010
110,영프라자,계양구,장제로 728(작전동),2011
111,홈플러스작전점,계양구,계양대로 27(작전동),2011
112,롯데마트계양점,계양구,장제로 822(계산동),2012
113,에이스타운,계양구,계양대로 214(계산동),2013
114,라이즈빌,계양구,계양문화로 44(계산동),2013
115,세종팰리스,계양구,장제로 714(작전동),2015
116,한림병원,계양구,장제로 722(작전동),2015
117,노블빌딩,계양구,안남로 512(효성동),2016
118,삼환1빌딩,계양구,경명대로 1074(계산동),2016
119,더드림병원,계양구,계양대로 123(작전동),2016
120,KT&G북인천지사,계양구,경명대로 1011(계산동),2017
121,장원빌딩,계양구,장제로 916(병방동),2017
122,태주빌딩,계양구,아나지로417번길 20(작전동),2018
123,호진A,계양구,계양대로 58(작전동),2018
124,호진B,계양구,계양대로 58-1(작전동),2018
125,호진E,계양구,계양대로 56(작전동),2018
126,유연프라자,계양구,오조산로45번길 12(계산동),2019
127,해룡빌딩,계양구,장제로 1013(박촌동),2020
128,삼성프라자,계양구,계양대로 101(작전동),2020
129,새롬2차프라자,계양구,오조산로 91(용종동),2022
130,효성프라자,계양구,안남로 548(효성동),2023
131,이프라자,계양구,도두리로 21(계산동),2023
132,영프라자,서　구,원당대로 660(당하동),2009
133,한종프라자,서　구,원당대로 663(마전동),2009
134,당하메디칼센터,서　구,청마로 163(당하동),2011
135,현우프라자,서　구,승학로 574(검암동),2012
136,창신프라자,서　구,원당대로 852(당하동),2012
137,으뜸빌딩,서　구,완정로 190(마전동),2014
138,월드불로마트,서　구,검단로 836(불로동),2015
139,동곡프라자,서　구,승학로 551(검암동),2015
140,인하메디컬센터,서　구,건지로 264(가좌동),2019
141,인천연세병원,서　구,승학로 320(연희동),2020
142,태평주유소,서　구,서곶로 259(심곡동),2020
143,에이스타워,서   구, 봉오재3로 94번길19(가정동),2021
144,성한캐슬,서　구,길주로 79(석남동),2024
145,계림가든,강화군,강화읍 강화대로 381,2014
146,경인북부수협,강화군,강화읍 강화대로 383,2014
147,강화인삼협동조합,강화군,강화읍 강화대로 335,2014
148,강화군산림조합,강화군,선원면 중앙로 115,2015
149,바이더웨이편의점,강화군,길상면 해안남로 92,2014
150,권능교회,강화군,양도면 고려왕릉로199번길 20,2014
151,하나로마트(양도),강화군,양도면 강화남로 700,2014
152,양갑리마을회관,강화군,교동면 교동서로 264,2014
153,교동향교,강화군,교동면 교동남로 229-49,2014
154,강화에너지 주유소,강화군,강화읍 중앙로 67,2014
155,강화버스터미널,강화군,강화읍 중앙로 43,2014
156,중앙시장(B동),강화군,강화읍 강화대로 430,2014
157,중앙시장(A동),강화군,강화읍 강화대로 429,2014
158,양갑주유소,강화군,교동면 교동서로 274,2014
159,온수주유소,강화군,길상면 초지로 568,2017
160,서강화농협주유소,강화군,교동면 교동동로 480,2017
161,두운주유소,강화군,불은면 강화동로 508,2014
162,강화남부농협주유소,강화군,길상면 길상로 302,2014
163,㈜하은상사,강화군,길상면 해안동로 75,2014
164,세광주유소,강화군,선원면 중앙로 205,2014
165,해명주유소,강화군,삼산면 삼산남로 536,2014
166,백마외포리주유소,강화군,내가면 중앙로 1301,2014
167,서문안주유소,강화군,불은면 중앙로 665,2014
168,금광주유소,강화군,길상면 까치골길 1,2014
169,삼산주유소,강화군,삼산면 삼산북로 462,2014
170,고려산주유소,강화군,송해면 강화대로 687,2014
171,(주)유성주유소,강화군,하점면 강화대로 1114,2014
172,하점주유소,강화군,하점면 강화대로 909,2014
173,양도주유소,강화군,양도면 강화남로 725,2014
174,가나안주유소,강화군,화도면 해안남로 2351,2014
175,화도주유소,강화군,화도면 가능포로 37,2014
176,길상주유소,강화군,길상면 길상로 348,2014
177,대동주유소,강화군,불은면 강화동로 176,2014
178,KH에너지㈜ 직영삼성주유소,강화군,불은면 중앙로 638,2014
179,한국주유소,강화군,선원면 중앙로 445,2014
180,선원부광주유소,강화군,선원면 강화동로 899,2014
181,경기주유소,강화군,선원면 중앙로 233,2014
182,아름주유소,강화군,선원면 중앙로 150,2014
183,강화주유소,강화군,강화읍 강화대로 390,2014
