개방시설명,개방장소명,개방시설유형구분,휴관일,평일운영시작시각,평일운영종료시각,주말운영시작시각,주말운영종료시각,유료사용여부,사용기준시간,사용료,초과사용단위시간,초과사용료,수용가능인원수,면적,부대시설정보,신청방법구분,시설사진정보,소재지도로명주소,소재지지번주소,관리기관명,담당부서명,사용안내전화번호,홈페이지주소,위도,경도,데이터기준일자
숭의1.3동행정복지센터 다목적실,숭의1.3동주민센터,다목적실,토+일+공휴일,09:00,18:00,00:00,00:00,Y,,,,,,,회의용책상+의자,방문,,인천광역시 미추홀구 석정로92번길 21-17,인천광역시 미추홀구 숭의동 85-1,인천광역시 미추홀구청,숭의1.3동행정복지센터,032-728-6114,http://michu.incheon.kr/dongoffice/index.asp?dong_idx=24,37.46724062,126.6472275,2025-11-01
숭의1.3동행정복지센터 회의실,숭의1.3동주민센터,회의실,토+일+공휴일,09:00,18:00,00:00,00:00,N,,,,,,,회의용책상+의자,공유누리 사이트 신청,,인천광역시 미추홀구 석정로92번길 21-17,인천광역시 미추홀구 숭의동 85-1,인천광역시 미추홀구청,숭의1.3동행정복지센터,032-728-6103,http://michu.incheon.kr/dongoffice/index.asp?dong_idx=24,37.46724062,126.6472275,2025-11-01
숭의2동행정복지센터 회의실,숭의2동행정복지센터,회의실,토+일+공휴일,09:00,18:00,00:00,00:00,N,1,0,1,,20,,회의용책상+의자,방문+전화,,인천광역시 미추홀구 경인로34번길 20,인천광역시 미추홀구 숭의동 190-4,인천광역시 미추홀구청,숭의2동행정복지센터,032-728-6123,https://www.michuhol.go.kr/dongoffice/main.do?dept_sq=288,37.46303566,126.6472695,2025-11-01
용현1.4동 행정복지센터 다목적실,용현1.4동 행정복지센터,회의실,토+일+공휴일,09:00,18:00,00:00,00:00,N,1,0,1,0,30,126,,방문+전화,,인천광역시 미추홀구 인주대로 198,인천광역시 미추홀구 용현동 140-10,인천광역시 미추홀구청,용현1.4동행정복지센터,032-728-6161,http://michu.incheon.kr/dongoffice/index.asp?dong_idx=28,37.45480112,126.6585755,2025-11-01
용현1.4동 행정복지센터 다목적실,용현1.4동 행정복지센터,강의실,토+일+공휴일,09:00,18:00,00:00,00:00,N,1,0,1,0,20,92,,방문+전화,,인천광역시 미추홀구 인주대로 198,인천광역시 미추홀구 용현동 140-10,인천광역시 미추홀구청,용현1.4동행정복지센터,032-728-6161,http://michu.incheon.kr/dongoffice/index.asp?dong_idx=28,37.45480112,126.6585755,2025-11-01
용현2동행정복지센터 강당,용현2동행정복지센터,강당,토+일+공휴일,09:00,18:00,00:00,00:00,Y,3,10000,,,80,210,회의용책상+의자,방문+전화,,인천광역시 미추홀구 용마루로 56,인천광역시 미추홀구 용현동 0,인천광역시 미추홀구청,용현2동주민센터,032-728-6184,http://michu.incheon.kr/dongoffice/index.asp?dong_idx=29,37.45827824,126.6447096,2025-11-01
용현3동행정복지센터(임시청사) 회의실,용현3동행정복지센터,회의실,토+일+공휴일,09:00,18:00,00:00,00:00,N,,,,,,,,방문+전화,,인천광역시 미추홀구 인주대로 145,인천광역시 미추홀구 용현동 491-48,인천광역시 미추홀구청,용현3동행정복지센터,032-728-6201,http://michu.incheon.kr/dongoffice/index.asp?dong_idx=30,37.45666997,126.6533071,2025-11-01
용현5동행정복지센터 기타,용현5동행정복지센터,회의실,토+일+공휴일,09:00,18:00,00:00,00:00,N,1,0,1,0,50,,회의용책상+의자,방문+전화,,인천광역시 미추홀구 토금북로 60,인천광역시 미추홀구 용현동 611-6,인천광역시 미추홀구청,용현5동행정복지센터,032-728-6225,http://michu.incheon.kr/dongoffice/index.asp?dong_idx=32,37.45255004,126.6402604,2025-11-01
학익1동 행정복지센터 기타,학익1동 행정복지센터,기타,토+일+공휴일,09:00,18:00,00:00,00:00,N,,,,,10,,책상+의자+책,방문+전화,,인천광역시 미추홀구 매소홀로 380,인천광역시 미추홀구 학익동 689-10,인천광역시 미추홀구청,학익1동 행정복지센터,032-867-7005,http://michu.incheon.kr/dongoffice/index.asp?dong_idx=51,37.43983771,126.6641176,2025-11-01
학익1동행정복지센터 다목적실,학익1동행정복지센터,다목적실,토+일+공휴일,09:00,20:00,00:00,00:00,N,,,,,30,,책상+의자,방문+전화,,인천광역시 미추홀구 매소홀로 380,인천광역시 미추홀구 학익동 689-10,인천광역시 미추홀구청,학익1동 행정복지센터,032-867-7005,http://michu.incheon.kr/dongoffice/index.asp?dong_idx=51,37.43983771,126.6641176,2025-11-01
학익2동 행정복지센터 회의실,학익2동 행정복지센터,회의실,토+일+공휴일,09:00,18:00,00:00,00:00,N,,,,,,,회의용책상+의자,방문+전화,,인천광역시 미추홀구 한나루로 444,인천광역시 미추홀구 학익동 4-16,인천광역시 미추홀구청,학익2동행정복지센터,032-728-6264,https://www.michuhol.go.kr/dongoffice/main.do?dept_sq=314,37.44658154,126.6674738,2025-11-01
도화1동 행정복지센터 다목적실,도화1동 행정복지센터,다목적실,토+일+공휴일,09:00,18:00,00:00,00:00,N,,,,,,,회의용책상+의자,방문+전화,,인천광역시 미추홀구 경인로 295,인천광역시 미추홀구 도화동 391-11,인천광역시 미추홀구청,도화1동 행정복지센터,032-728-6281,http://michu.incheon.kr/dongoffice/index.asp?dong_idx=15,37.46090745,126.673829,2025-11-01
도화2.3동주민센터 회의실,도화2.3동주민센터,회의실,토+일+공휴일,09:00,18:00,00:00,00:00,N,,,,,,,책상+의자,방문+전화,,인천광역시 미추홀구 장고개로 29-1,인천광역시 미추홀구 도화동 1011-1,인천광역시 미추홀구청,도화2.3동주민센터,032-728-6303,https://www.michuhol.go.kr/dongoffice/main.do?dept_sq=295,37.47092258,126.6661438,2025-11-01
주안1동행정복지센터 다목적실,주안1동행정복지센터,다목적실,토+일+공휴일,09:00,18:00,00:00,00:00,N,1,0,1,0,20,90,회의용책상+의자,방문+전화,,인천광역시 미추홀구 주안서로53번길 22,인천광역시 미추홀구 주안동 266-1,인천광역시 미추홀구청,주안1동행정복지센터,032-728-6321,http://michu.incheon.kr/dongoffice/index.asp?dong_idx=39,37.46379112,126.676580,2025-11-01
주안2동행정복지센터 다목적실,주안2동행정복지센터,다목적실,토+일+공휴일,09:00,18:00,00:00,00:00,N,1,0,1,,30,66,회의용책상+의자,방문+전화,,인천광역시 미추홀구 남주길43번길 14-29,인천광역시 미추홀구 주안동 594-4,인천광역시 미추홀구청,주안2동행정복지센터,032-728-6343,http://michu.incheon.kr/dongoffice/index.asp?dong_idx=40,37.45469924,126.6727245,2025-11-01
주안3동행정복지센터 회의실,주안3동행정복지센터,회의실,토+일+공휴일,09:00,18:00,00:00,00:00,N,1,0,1,0,100,200,회의용책상+의자,방문+전화,,인천광역시 미추홀구 인하로 212,인천광역시 미추홀구 주안동 1663,인천광역시 미추홀구청,주안3동행정복지센터,032-728-6361,http://michu.incheon.kr/dongoffice/index.asp?dong_idx=41,37.44831934,126.6715751,2025-11-01
주안4동행정복지센터 다목적실,주안4동행정복지센터,다목적실,토+일+공휴일,09:00,21:00,00:00,00:00,N,1,0,1,,40,165,회의용책상+의자,방문+전화,,인천광역시 미추홀구 구월남로 5,인천광역시 미추홀구 주안동 1552-16,인천광역시 미추홀구청,주안4동행정복지센터,032-728-6386,http://michu.incheon.kr/dongoffice/index.asp?dong_idx=42,37.45512738,126.6903025,2025-11-01
주안5동행정복지센터 회의실,주안5동행정복지센터,회의실,토+일+공휴일,09:00,18:00,00:00,00:00,N,,,,,,,회의용책상+의자,방문+전화,,인천광역시 미추홀구 석정로 461번길 21,인천광역시 미추홀구 주안동 1634,인천광역시 미추홀구청,주안5동행정복지센터,032-728-6405,http://michu.incheon.kr/dongoffice/index.asp?dong_idx=43,37.46704508,126.6864004,2025-11-01
주안6동행정복지센터 다목적실,주안6동행정복지센터,다목적실,토+일+공휴일,09:00,18:00,00:00,00:00,N,1,,1,,30,164,회의용책상+의자,방문+전화,,인천광역시 미추홀구 경원대로864번길 59,인천광역시 미추홀구 주안동 1616,인천광역시 미추홀구청,주안6동행정복지센터,032-728-6424,http://michu.incheon.kr/dongoffice/index.asp?dong_idx=44,37.46127832,126.692311,2025-11-01
주안7동행정복지센터 다목적실,주안7동행정복지센터,다목적실,토+일+공휴일,09:00,18:00,00:00,00:00,N,1,0,1,,40,130,회의용책상+의자,방문+전화,,인천광역시 미추홀구 인하로 265,인천광역시 미추홀구 주안동 1437-5,인천광역시 미추홀구청,주안7동행정복지센터,032-728-6443,http://michu.incheon.kr/dongoffice/index.asp?dong_idx=45,37.44844518,126.6776513,2025-11-01
주안8동행정복지센터 회의실,주안8동행정복지센터,회의실,토+일+공휴일,09:00,18:00,00:00,00:00,N,1,0,1,,,,회의용책상+의자,방문+전화,,인천광역시 미추홀구 인주대로470번길 24,인천광역시 미추홀구 주안동 1530,인천광역시 미추홀구청,주안8동주민센터,032-728-6461,http://michu.incheon.kr/dongoffice/index.asp?dong_idx=46,37.44956626,126.6893094,2025-11-01
관교동주민센터 회의실,관교동주민센터,회의실,토+일+공휴일,09:00,18:00,00:00,00:00,N,,0,,0,,,,방문+전화,,인천광역시 미추홀구 인하로 452,인천광역시 미추홀구 관교동 13-1,인천광역시 미추홀구청,관교동주민센터,032-728-6483,http://michu.incheon.kr/dongoffice/index.asp?dong_idx=6,37.44417922,126.6968093,2025-11-01
관교동주민센터 다목적실,관교동주민센터,다목적실,토+일+공휴일,09:00,18:00,00:00,00:00,N,,0,,0,,,,방문+전화,,인천광역시 미추홀구 인하로 452,인천광역시 미추홀구 관교동 13-1,인천광역시 미추홀구청,관교동주민센터,032-728-6483,http://michu.incheon.kr/dongoffice/index.asp?dong_idx=6,37.44417922,126.6968093,2025-11-01
문학동행정복지센터 회의실,문학동행정복지센터,회의실,토+일+공휴일,09:00,18:00,00:00,00:00,N,1,0,1,,30,112,회의용책상+의자,방문+전화,,인천광역시 미추홀구 소성로 339,인천광역시 미추홀구 문학동 385-6,인천광역시 미추홀구청,문학동행정복지센터,032-728-6501,http://michu.incheon.kr/dongoffice/index.asp?dong_idx=18,37.43768495,126.6850043,2025-11-01
